filename	max_rss_kib user_seconds system_seconds
usage-independent-senders-and-recipients-1--1-baseline.txt	2900 0.04 0.00
usage-independent-senders-and-recipients-1--1-candidate.txt	2968 0.04 0.00
usage-independent-senders-and-recipients-1-0-baseline.txt	2836 0.03 0.00
usage-independent-senders-and-recipients-1-0-candidate.txt	2904 0.04 0.00
usage-independent-senders-and-recipients-1-1-baseline.txt	2888 0.04 0.00
usage-independent-senders-and-recipients-1-1-candidate.txt	2788 0.04 0.00
usage-independent-senders-and-recipients-1-2-baseline.txt	2836 0.04 0.00
usage-independent-senders-and-recipients-1-2-candidate.txt	2852 0.04 0.00
usage-independent-senders-and-recipients-1-3-baseline.txt	2888 0.04 0.00
usage-independent-senders-and-recipients-1-3-candidate.txt	2856 0.04 0.00
usage-independent-senders-and-recipients-1-4-baseline.txt	2852 0.04 0.00
usage-independent-senders-and-recipients-1-4-candidate.txt	2640 0.04 0.00
usage-independent-senders-and-recipients-1-5-baseline.txt	2836 0.03 0.00
usage-independent-senders-and-recipients-1-5-candidate.txt	2920 0.04 0.00
usage-independent-senders-and-recipients-1-6-baseline.txt	2836 0.04 0.00
usage-independent-senders-and-recipients-1-6-candidate.txt	2908 0.04 0.00
usage-independent-senders-and-recipients-1-7-baseline.txt	2896 0.04 0.00
usage-independent-senders-and-recipients-1-7-candidate.txt	2916 0.03 0.00
usage-independent-senders-and-recipients-1-8-baseline.txt	2780 0.04 0.00
usage-independent-senders-and-recipients-1-8-candidate.txt	2852 0.04 0.00
usage-independent-senders-and-recipients-2--1-baseline.txt	2928 0.05 0.00
usage-independent-senders-and-recipients-2--1-candidate.txt	2916 0.06 0.00
usage-independent-senders-and-recipients-2-0-baseline.txt	2924 0.05 0.00
usage-independent-senders-and-recipients-2-0-candidate.txt	2976 0.04 0.00
usage-independent-senders-and-recipients-2-1-baseline.txt	2936 0.05 0.00
usage-independent-senders-and-recipients-2-1-candidate.txt	2884 0.04 0.00
usage-independent-senders-and-recipients-2-2-baseline.txt	2896 0.05 0.00
usage-independent-senders-and-recipients-2-2-candidate.txt	2852 0.04 0.00
usage-independent-senders-and-recipients-2-3-baseline.txt	2944 0.05 0.00
usage-independent-senders-and-recipients-2-3-candidate.txt	2884 0.04 0.00
usage-independent-senders-and-recipients-2-4-baseline.txt	2936 0.05 0.00
usage-independent-senders-and-recipients-2-4-candidate.txt	2792 0.04 0.00
usage-independent-senders-and-recipients-2-5-baseline.txt	2936 0.04 0.00
usage-independent-senders-and-recipients-2-5-candidate.txt	2912 0.04 0.00
usage-independent-senders-and-recipients-2-6-baseline.txt	2888 0.04 0.00
usage-independent-senders-and-recipients-2-6-candidate.txt	2848 0.03 0.00
usage-independent-senders-and-recipients-2-7-baseline.txt	2852 0.05 0.00
usage-independent-senders-and-recipients-2-7-candidate.txt	2920 0.04 0.00
usage-independent-senders-and-recipients-2-8-baseline.txt	2940 0.04 0.00
usage-independent-senders-and-recipients-2-8-candidate.txt	2852 0.04 0.00
usage-independent-senders-and-recipients-4--1-baseline.txt	2896 0.05 0.00
usage-independent-senders-and-recipients-4--1-candidate.txt	2852 0.04 0.00
usage-independent-senders-and-recipients-4-0-baseline.txt	2936 0.04 0.00
usage-independent-senders-and-recipients-4-0-candidate.txt	2976 0.03 0.00
usage-independent-senders-and-recipients-4-1-baseline.txt	2884 0.04 0.00
usage-independent-senders-and-recipients-4-1-candidate.txt	2852 0.04 0.00
usage-independent-senders-and-recipients-4-2-baseline.txt	2520 0.04 0.01
usage-independent-senders-and-recipients-4-2-candidate.txt	2848 0.04 0.00
usage-independent-senders-and-recipients-4-3-baseline.txt	2924 0.05 0.00
usage-independent-senders-and-recipients-4-3-candidate.txt	2852 0.05 0.00
usage-independent-senders-and-recipients-4-4-baseline.txt	2848 0.04 0.01
usage-independent-senders-and-recipients-4-4-candidate.txt	2852 0.04 0.00
usage-independent-senders-and-recipients-4-5-baseline.txt	2892 0.05 0.00
usage-independent-senders-and-recipients-4-5-candidate.txt	2892 0.04 0.00
usage-independent-senders-and-recipients-4-6-baseline.txt	2888 0.05 0.00
usage-independent-senders-and-recipients-4-6-candidate.txt	2884 0.03 0.00
usage-independent-senders-and-recipients-4-7-baseline.txt	2900 0.03 0.01
usage-independent-senders-and-recipients-4-7-candidate.txt	2852 0.04 0.00
usage-independent-senders-and-recipients-4-8-baseline.txt	2896 0.04 0.00
usage-independent-senders-and-recipients-4-8-candidate.txt	2852 0.04 0.00
usage-independent-senders-and-recipients-8--1-baseline.txt	2888 0.04 0.01
usage-independent-senders-and-recipients-8--1-candidate.txt	2852 0.04 0.00
usage-independent-senders-and-recipients-8-0-baseline.txt	2900 0.04 0.01
usage-independent-senders-and-recipients-8-0-candidate.txt	2924 0.04 0.00
usage-independent-senders-and-recipients-8-1-baseline.txt	2924 0.05 0.01
usage-independent-senders-and-recipients-8-1-candidate.txt	2848 0.04 0.00
usage-independent-senders-and-recipients-8-2-baseline.txt	2900 0.05 0.01
usage-independent-senders-and-recipients-8-2-candidate.txt	2948 0.04 0.00
usage-independent-senders-and-recipients-8-3-baseline.txt	2784 0.04 0.01
usage-independent-senders-and-recipients-8-3-candidate.txt	2852 0.04 0.00
usage-independent-senders-and-recipients-8-4-baseline.txt	2888 0.04 0.00
usage-independent-senders-and-recipients-8-4-candidate.txt	2836 0.04 0.00
usage-independent-senders-and-recipients-8-5-baseline.txt	2780 0.04 0.00
usage-independent-senders-and-recipients-8-5-candidate.txt	2956 0.03 0.00
usage-independent-senders-and-recipients-8-6-baseline.txt	2936 0.05 0.00
usage-independent-senders-and-recipients-8-6-candidate.txt	2920 0.03 0.00
usage-independent-senders-and-recipients-8-7-baseline.txt	2852 0.04 0.01
usage-independent-senders-and-recipients-8-7-candidate.txt	2844 0.04 0.00
usage-independent-senders-and-recipients-8-8-baseline.txt	2936 0.06 0.00
usage-independent-senders-and-recipients-8-8-candidate.txt	2920 0.04 0.00
usage-independent-senders-hot-recipient-1--1-baseline.txt	2888 0.02 0.00
usage-independent-senders-hot-recipient-1--1-candidate.txt	2852 0.02 0.00
usage-independent-senders-hot-recipient-1-0-baseline.txt	2836 0.02 0.00
usage-independent-senders-hot-recipient-1-0-candidate.txt	2952 0.02 0.00
usage-independent-senders-hot-recipient-1-1-baseline.txt	2788 0.02 0.00
usage-independent-senders-hot-recipient-1-1-candidate.txt	2916 0.02 0.00
usage-independent-senders-hot-recipient-1-2-baseline.txt	2892 0.02 0.00
usage-independent-senders-hot-recipient-1-2-candidate.txt	2856 0.02 0.00
usage-independent-senders-hot-recipient-1-3-baseline.txt	2884 0.02 0.00
usage-independent-senders-hot-recipient-1-3-candidate.txt	2964 0.02 0.00
usage-independent-senders-hot-recipient-1-4-baseline.txt	2892 0.02 0.00
usage-independent-senders-hot-recipient-1-4-candidate.txt	2852 0.02 0.00
usage-independent-senders-hot-recipient-1-5-baseline.txt	2780 0.02 0.00
usage-independent-senders-hot-recipient-1-5-candidate.txt	2840 0.03 0.00
usage-independent-senders-hot-recipient-1-6-baseline.txt	2784 0.02 0.00
usage-independent-senders-hot-recipient-1-6-candidate.txt	2848 0.02 0.00
usage-independent-senders-hot-recipient-1-7-baseline.txt	2768 0.03 0.00
usage-independent-senders-hot-recipient-1-7-candidate.txt	2788 0.02 0.00
usage-independent-senders-hot-recipient-1-8-baseline.txt	2892 0.03 0.00
usage-independent-senders-hot-recipient-1-8-candidate.txt	2900 0.02 0.00
usage-independent-senders-hot-recipient-2--1-baseline.txt	2940 0.04 0.00
usage-independent-senders-hot-recipient-2--1-candidate.txt	2852 0.02 0.00
usage-independent-senders-hot-recipient-2-0-baseline.txt	2932 0.04 0.00
usage-independent-senders-hot-recipient-2-0-candidate.txt	2852 0.02 0.00
usage-independent-senders-hot-recipient-2-1-baseline.txt	2892 0.03 0.00
usage-independent-senders-hot-recipient-2-1-candidate.txt	2912 0.02 0.00
usage-independent-senders-hot-recipient-2-2-baseline.txt	2896 0.03 0.00
usage-independent-senders-hot-recipient-2-2-candidate.txt	2852 0.02 0.00
usage-independent-senders-hot-recipient-2-3-baseline.txt	2884 0.03 0.00
usage-independent-senders-hot-recipient-2-3-candidate.txt	2852 0.02 0.00
usage-independent-senders-hot-recipient-2-4-baseline.txt	2892 0.03 0.01
usage-independent-senders-hot-recipient-2-4-candidate.txt	2892 0.03 0.00
usage-independent-senders-hot-recipient-2-5-baseline.txt	2888 0.03 0.00
usage-independent-senders-hot-recipient-2-5-candidate.txt	2908 0.02 0.00
usage-independent-senders-hot-recipient-2-6-baseline.txt	2844 0.03 0.01
usage-independent-senders-hot-recipient-2-6-candidate.txt	2852 0.02 0.00
usage-independent-senders-hot-recipient-2-7-baseline.txt	2884 0.03 0.00
usage-independent-senders-hot-recipient-2-7-candidate.txt	2920 0.02 0.00
usage-independent-senders-hot-recipient-2-8-baseline.txt	2896 0.03 0.00
usage-independent-senders-hot-recipient-2-8-candidate.txt	2908 0.02 0.00
usage-independent-senders-hot-recipient-4--1-baseline.txt	2832 0.03 0.01
usage-independent-senders-hot-recipient-4--1-candidate.txt	2920 0.02 0.00
usage-independent-senders-hot-recipient-4-0-baseline.txt	2780 0.04 0.00
usage-independent-senders-hot-recipient-4-0-candidate.txt	2852 0.02 0.00
usage-independent-senders-hot-recipient-4-1-baseline.txt	2888 0.04 0.00
usage-independent-senders-hot-recipient-4-1-candidate.txt	2976 0.02 0.00
usage-independent-senders-hot-recipient-4-2-baseline.txt	2924 0.03 0.01
usage-independent-senders-hot-recipient-4-2-candidate.txt	2788 0.02 0.00
usage-independent-senders-hot-recipient-4-3-baseline.txt	2848 0.03 0.00
usage-independent-senders-hot-recipient-4-3-candidate.txt	2916 0.02 0.00
usage-independent-senders-hot-recipient-4-4-baseline.txt	2784 0.04 0.00
usage-independent-senders-hot-recipient-4-4-candidate.txt	2908 0.02 0.00
usage-independent-senders-hot-recipient-4-5-baseline.txt	2848 0.03 0.00
usage-independent-senders-hot-recipient-4-5-candidate.txt	2788 0.02 0.00
usage-independent-senders-hot-recipient-4-6-baseline.txt	2928 0.03 0.00
usage-independent-senders-hot-recipient-4-6-candidate.txt	2852 0.02 0.00
usage-independent-senders-hot-recipient-4-7-baseline.txt	2896 0.03 0.00
usage-independent-senders-hot-recipient-4-7-candidate.txt	2884 0.02 0.00
usage-independent-senders-hot-recipient-4-8-baseline.txt	2924 0.03 0.01
usage-independent-senders-hot-recipient-4-8-candidate.txt	2912 0.02 0.00
usage-independent-senders-hot-recipient-8--1-baseline.txt	2896 0.03 0.01
usage-independent-senders-hot-recipient-8--1-candidate.txt	2852 0.02 0.00
usage-independent-senders-hot-recipient-8-0-baseline.txt	2880 0.04 0.01
usage-independent-senders-hot-recipient-8-0-candidate.txt	2788 0.02 0.00
usage-independent-senders-hot-recipient-8-1-baseline.txt	2928 0.04 0.01
usage-independent-senders-hot-recipient-8-1-candidate.txt	2852 0.02 0.00
usage-independent-senders-hot-recipient-8-2-baseline.txt	2872 0.04 0.00
usage-independent-senders-hot-recipient-8-2-candidate.txt	2884 0.02 0.00
usage-independent-senders-hot-recipient-8-3-baseline.txt	2928 0.04 0.01
usage-independent-senders-hot-recipient-8-3-candidate.txt	2908 0.03 0.00
usage-independent-senders-hot-recipient-8-4-baseline.txt	2944 0.04 0.01
usage-independent-senders-hot-recipient-8-4-candidate.txt	2852 0.02 0.00
usage-independent-senders-hot-recipient-8-5-baseline.txt	2844 0.05 0.01
usage-independent-senders-hot-recipient-8-5-candidate.txt	2920 0.02 0.00
usage-independent-senders-hot-recipient-8-6-baseline.txt	2924 0.04 0.00
usage-independent-senders-hot-recipient-8-6-candidate.txt	2968 0.03 0.00
usage-independent-senders-hot-recipient-8-7-baseline.txt	2832 0.04 0.00
usage-independent-senders-hot-recipient-8-7-candidate.txt	2860 0.02 0.00
usage-independent-senders-hot-recipient-8-8-baseline.txt	2892 0.04 0.00
usage-independent-senders-hot-recipient-8-8-candidate.txt	2852 0.02 0.00
usage-single-hot-sender-recipient-1--1-baseline.txt	2852 0.02 0.00
usage-single-hot-sender-recipient-1--1-candidate.txt	2788 0.02 0.00
usage-single-hot-sender-recipient-1-0-baseline.txt	2880 0.02 0.00
usage-single-hot-sender-recipient-1-0-candidate.txt	2852 0.02 0.00
usage-single-hot-sender-recipient-1-1-baseline.txt	2852 0.02 0.00
usage-single-hot-sender-recipient-1-1-candidate.txt	2828 0.02 0.00
usage-single-hot-sender-recipient-1-2-baseline.txt	2896 0.02 0.00
usage-single-hot-sender-recipient-1-2-candidate.txt	2900 0.02 0.00
usage-single-hot-sender-recipient-1-3-baseline.txt	2836 0.02 0.00
usage-single-hot-sender-recipient-1-3-candidate.txt	2848 0.02 0.00
usage-single-hot-sender-recipient-1-4-baseline.txt	2940 0.02 0.00
usage-single-hot-sender-recipient-1-4-candidate.txt	2848 0.02 0.00
usage-single-hot-sender-recipient-1-5-baseline.txt	2896 0.02 0.00
usage-single-hot-sender-recipient-1-5-candidate.txt	2844 0.02 0.00
usage-single-hot-sender-recipient-1-6-baseline.txt	2900 0.02 0.00
usage-single-hot-sender-recipient-1-6-candidate.txt	2788 0.02 0.00
usage-single-hot-sender-recipient-1-7-baseline.txt	2936 0.02 0.00
usage-single-hot-sender-recipient-1-7-candidate.txt	2912 0.02 0.00
usage-single-hot-sender-recipient-1-8-baseline.txt	2892 0.02 0.00
usage-single-hot-sender-recipient-1-8-candidate.txt	2788 0.02 0.00
usage-single-hot-sender-recipient-2--1-baseline.txt	2896 0.02 0.00
usage-single-hot-sender-recipient-2--1-candidate.txt	2852 0.02 0.00
usage-single-hot-sender-recipient-2-0-baseline.txt	2900 0.02 0.00
usage-single-hot-sender-recipient-2-0-candidate.txt	2900 0.02 0.00
usage-single-hot-sender-recipient-2-1-baseline.txt	2892 0.02 0.00
usage-single-hot-sender-recipient-2-1-candidate.txt	2884 0.02 0.00
usage-single-hot-sender-recipient-2-2-baseline.txt	2884 0.02 0.00
usage-single-hot-sender-recipient-2-2-candidate.txt	2852 0.02 0.00
usage-single-hot-sender-recipient-2-3-baseline.txt	2768 0.03 0.00
usage-single-hot-sender-recipient-2-3-candidate.txt	2892 0.02 0.00
usage-single-hot-sender-recipient-2-4-baseline.txt	2932 0.02 0.00
usage-single-hot-sender-recipient-2-4-candidate.txt	2580 0.02 0.00
usage-single-hot-sender-recipient-2-5-baseline.txt	2852 0.02 0.00
usage-single-hot-sender-recipient-2-5-candidate.txt	2852 0.03 0.00
usage-single-hot-sender-recipient-2-6-baseline.txt	2900 0.02 0.00
usage-single-hot-sender-recipient-2-6-candidate.txt	2884 0.02 0.00
usage-single-hot-sender-recipient-2-7-baseline.txt	2896 0.02 0.00
usage-single-hot-sender-recipient-2-7-candidate.txt	2920 0.03 0.00
usage-single-hot-sender-recipient-2-8-baseline.txt	2848 0.02 0.00
usage-single-hot-sender-recipient-2-8-candidate.txt	2976 0.03 0.00
usage-single-hot-sender-recipient-4--1-baseline.txt	2880 0.02 0.00
usage-single-hot-sender-recipient-4--1-candidate.txt	3024 0.02 0.00
usage-single-hot-sender-recipient-4-0-baseline.txt	2884 0.02 0.00
usage-single-hot-sender-recipient-4-0-candidate.txt	2884 0.03 0.00
usage-single-hot-sender-recipient-4-1-baseline.txt	2884 0.02 0.00
usage-single-hot-sender-recipient-4-1-candidate.txt	2852 0.02 0.00
usage-single-hot-sender-recipient-4-2-baseline.txt	2556 0.02 0.00
usage-single-hot-sender-recipient-4-2-candidate.txt	2920 0.02 0.00
usage-single-hot-sender-recipient-4-3-baseline.txt	2824 0.03 0.00
usage-single-hot-sender-recipient-4-3-candidate.txt	2920 0.02 0.00
usage-single-hot-sender-recipient-4-4-baseline.txt	2928 0.02 0.00
usage-single-hot-sender-recipient-4-4-candidate.txt	2852 0.03 0.00
usage-single-hot-sender-recipient-4-5-baseline.txt	2856 0.02 0.00
usage-single-hot-sender-recipient-4-5-candidate.txt	2820 0.03 0.00
usage-single-hot-sender-recipient-4-6-baseline.txt	2768 0.02 0.00
usage-single-hot-sender-recipient-4-6-candidate.txt	2856 0.02 0.00
usage-single-hot-sender-recipient-4-7-baseline.txt	2784 0.02 0.00
usage-single-hot-sender-recipient-4-7-candidate.txt	2976 0.02 0.00
usage-single-hot-sender-recipient-4-8-baseline.txt	2556 0.02 0.00
usage-single-hot-sender-recipient-4-8-candidate.txt	2792 0.02 0.00
usage-single-hot-sender-recipient-8--1-baseline.txt	2964 0.02 0.00
usage-single-hot-sender-recipient-8--1-candidate.txt	2788 0.02 0.00
usage-single-hot-sender-recipient-8-0-baseline.txt	2824 0.02 0.00
usage-single-hot-sender-recipient-8-0-candidate.txt	2908 0.02 0.00
usage-single-hot-sender-recipient-8-1-baseline.txt	2900 0.02 0.00
usage-single-hot-sender-recipient-8-1-candidate.txt	2852 0.03 0.00
usage-single-hot-sender-recipient-8-2-baseline.txt	2768 0.02 0.00
usage-single-hot-sender-recipient-8-2-candidate.txt	2892 0.02 0.00
usage-single-hot-sender-recipient-8-3-baseline.txt	2940 0.02 0.00
usage-single-hot-sender-recipient-8-3-candidate.txt	2852 0.02 0.00
usage-single-hot-sender-recipient-8-4-baseline.txt	2784 0.02 0.00
usage-single-hot-sender-recipient-8-4-candidate.txt	2788 0.02 0.00
usage-single-hot-sender-recipient-8-5-baseline.txt	2832 0.02 0.00
usage-single-hot-sender-recipient-8-5-candidate.txt	2848 0.03 0.00
usage-single-hot-sender-recipient-8-6-baseline.txt	2936 0.02 0.00
usage-single-hot-sender-recipient-8-6-candidate.txt	2788 0.03 0.00
usage-single-hot-sender-recipient-8-7-baseline.txt	2928 0.02 0.00
usage-single-hot-sender-recipient-8-7-candidate.txt	2976 0.03 0.00
usage-single-hot-sender-recipient-8-8-baseline.txt	2556 0.02 0.00
usage-single-hot-sender-recipient-8-8-candidate.txt	2852 0.03 0.00
